gdrive_checksum,nas_checksum
8425323c429395cca532d409b5aa3b54,4ae8c7448e81014842009e0d0453273f
4ae8c7448e81014842009e0d0453273f,ee747067df21bd56a197e4d7df50063c
ee747067df21bd56a197e4d7df50063c,a26d7ce1b2eec2e59b70aa0dcb3231b1
a26d7ce1b2eec2e59b70aa0dcb3231b1,c82857290465d8837d62d456cf902baa
c82857290465d8837d62d456cf902baa,726e0e790528188a7f2e931b9ee4a367
726e0e790528188a7f2e931b9ee4a367,ee70151082fce6d51ad244a664dc61b5
ee70151082fce6d51ad244a664dc61b5,dfbf48a2ef307c3b95f1ba3a1cdd2eae
dfbf48a2ef307c3b95f1ba3a1cdd2eae,3e94e4e399718a9a8a69061509a76372
3e94e4e399718a9a8a69061509a76372,65fdfc8838c39dfe933a3080382b206e
65fdfc8838c39dfe933a3080382b206e,e4360b0eee9415486b652c686ec5d00f
a9ceb6fe3169d04a574681a724317b8d,95525d52c14e3439bb87b2a3792d36ed
95525d52c14e3439bb87b2a3792d36ed,a1c104cc113fb475142c3895a236056f
a1c104cc113fb475142c3895a236056f,0bfabfec6b05948d2cec2733611a6026
0bfabfec6b05948d2cec2733611a6026,12e88514650ffc98bc41cd5a42cc2ccf
12e88514650ffc98bc41cd5a42cc2ccf,2d905452ac64ed62ced9e47ed4e6e7a1
2d905452ac64ed62ced9e47ed4e6e7a1,f5f57a0590993a17b9cb90ea0a7e6216
f5f57a0590993a17b9cb90ea0a7e6216,b9f8b68b78f38271252f2431700d9edd
b9f8b68b78f38271252f2431700d9edd,3a58f59020c5dd8b55a52869f8f0d7e5
3a58f59020c5dd8b55a52869f8f0d7e5,d26e023ddda35237650e015e2264eee9
d26e023ddda35237650e015e2264eee9,85cd4720aab2fbdd3ba00fe22a0536b2
85cd4720aab2fbdd3ba00fe22a0536b2,106988186a5645d931de3505ed102d3d
106988186a5645d931de3505ed102d3d,d898f96363c86da053b80c91f46257c1
d898f96363c86da053b80c91f46257c1,59f6ba166a9e5df681316b28950deb8e
59f6ba166a9e5df681316b28950deb8e,0cb6052ab54f65a47d7843b88cc7a590
0cb6052ab54f65a47d7843b88cc7a590,c09ebd446834342746902b992c038b48
c09ebd446834342746902b992c038b48,a5df75f9ea8e6f3186c336a1e1b08ecf
a5df75f9ea8e6f3186c336a1e1b08ecf,87edde5fdb8c160ab431f6582d5a2c10
87edde5fdb8c160ab431f6582d5a2c10,61694cca808ff1a7cd380fc2c3071b33
61694cca808ff1a7cd380fc2c3071b33,ba58e2c12dbf58aa33b34018987a04c8
ba58e2c12dbf58aa33b34018987a04c8,53cd8f6cd9aa843ec50837ff57bfa34e
53cd8f6cd9aa843ec50837ff57bfa34e,f2d755d6a12baf1a4c755232f853bc9f
f2d755d6a12baf1a4c755232f853bc9f,9758d543490d5865f64211a46ec6cfae
9758d543490d5865f64211a46ec6cfae,97ec2a86e674b07b0badaaa795a7f4ae
97ec2a86e674b07b0badaaa795a7f4ae,5c077f14d2196e0155ebc26944fa12b4
5c077f14d2196e0155ebc26944fa12b4,5d5d0ff568756ce9bc500d7e7df5c0d3
5d5d0ff568756ce9bc500d7e7df5c0d3,d0c4834761f192b87da525d4ed16c181
d0c4834761f192b87da525d4ed16c181,6ecf4e95941b25c5969deb1dfe703596
6ecf4e95941b25c5969deb1dfe703596,a41b5c57bb23a91224d91f04775311db
a41b5c57bb23a91224d91f04775311db,8e3a6fc1ef1e49cf2561078575992b50
8e3a6fc1ef1e49cf2561078575992b50,02cf7ca3bcb259bdd8096b74f3705c4a
02cf7ca3bcb259bdd8096b74f3705c4a,d3a58a87372627d128ddffb2dc370545
d3a58a87372627d128ddffb2dc370545,f73898c1e1687320e59bed29e57c0a7d
f73898c1e1687320e59bed29e57c0a7d,411df1e0788ed443b4db36a9f8bad90c
411df1e0788ed443b4db36a9f8bad90c,e953ad92ef82bb3dd9f334ae45d90887
e953ad92ef82bb3dd9f334ae45d90887,81c4a911fda8ef5e09930a5442a4a9b9
81c4a911fda8ef5e09930a5442a4a9b9,faf5083c3e61a6b16ae621e098c433d8
faf5083c3e61a6b16ae621e098c433d8,568ac711fc92424bd118236986e14146
568ac711fc92424bd118236986e14146,adc3ccd218249bf0d92906528bf5dc16
adc3ccd218249bf0d92906528bf5dc16,a8cc1f4b46255a4c2dcb81457c9873bf
a8cc1f4b46255a4c2dcb81457c9873bf,f39b947ddea38552dffa0f79322ac882
f39b947ddea38552dffa0f79322ac882,eb8fff08f3e4b96069dc984da193ab8f
eb8fff08f3e4b96069dc984da193ab8f,e308a871caf62a3d09ff634ff6f7eead
e308a871caf62a3d09ff634ff6f7eead,b910802535947200f8360cbc977f4d34
b910802535947200f8360cbc977f4d34,1b249356c48dabb9d48f2a1254ed28e7
1b249356c48dabb9d48f2a1254ed28e7,fce2fa90c76c585b5a503d4116b9e539
fce2fa90c76c585b5a503d4116b9e539,139de13bb48fd8790fb378a97cf7522f
139de13bb48fd8790fb378a97cf7522f,942470b78aa6a63ec0888ce939a29d87
942470b78aa6a63ec0888ce939a29d87,87c7ca392cd2c0d6df24c6d2576a8b0b
87c7ca392cd2c0d6df24c6d2576a8b0b,bde0d73b023553ecd3a951c5c4f36679
bde0d73b023553ecd3a951c5c4f36679,9ea1f4d1bb214724b917a0b0b6bb6897
9ea1f4d1bb214724b917a0b0b6bb6897,9f98032a401e9702bb028d5442cb1dc5
9f98032a401e9702bb028d5442cb1dc5,d9be2ae4fa4d7ebff54c150150c3862c
d9be2ae4fa4d7ebff54c150150c3862c,2d89c812e351ddd5df16750d3df1a691
2d89c812e351ddd5df16750d3df1a691,206295757cd318ffb127f79aed02bb85
206295757cd318ffb127f79aed02bb85,4adfb97734fd8ada96c27b4aace88ae1
4adfb97734fd8ada96c27b4aace88ae1,1cd58dbbcddf61fc7c29a02f6f7a1ecd
1cd58dbbcddf61fc7c29a02f6f7a1ecd,0d4e8e00873fbc46572809ef2d2b5c50
0d4e8e00873fbc46572809ef2d2b5c50,6e616ae8da6ecaea9c9b6b31b6bdd546
6e616ae8da6ecaea9c9b6b31b6bdd546,d9e7817f799da623496d86d99a31ce98
d9e7817f799da623496d86d99a31ce98,a34fe5668336c81362117d10b1cb9fca
a34fe5668336c81362117d10b1cb9fca,5d30f8589e754e4f652b707f5414d723
5d30f8589e754e4f652b707f5414d723,1a8ed606156b15240247d554fa3377e9
1a8ed606156b15240247d554fa3377e9,57b36e1c04fb350f65514363c8c803d1
57b36e1c04fb350f65514363c8c803d1,26abb26bc6bddd2545fd931c52969b51
26abb26bc6bddd2545fd931c52969b51,fe17a680a11bcd265ce0eb35f1ecb0ca
fe17a680a11bcd265ce0eb35f1ecb0ca,bdd94be00ee0462e9be00b32900d1879
bdd94be00ee0462e9be00b32900d1879,12a052942fd71764d88857668271e55b
12a052942fd71764d88857668271e55b,50afc8add47478609d3bc1db9c9e3c26
50afc8add47478609d3bc1db9c9e3c26,4ad593db7dcb293630b35998360bd9ea
4ad593db7dcb293630b35998360bd9ea,eb552f6ff68bf7c4e4d4c00aaec0857f
eb552f6ff68bf7c4e4d4c00aaec0857f,12f79b044c30c81adfdc49a888ff2688
12f79b044c30c81adfdc49a888ff2688,9c16cb908ee21e558acd385bb843b533
9c16cb908ee21e558acd385bb843b533,f755b68038de4a84035b43c4a0ac627a
f755b68038de4a84035b43c4a0ac627a,3ff72b4d4abb22811938c92feb7ccc49
3ff72b4d4abb22811938c92feb7ccc49,d20b579d247b2b4756efc3b5017c137e
d20b579d247b2b4756efc3b5017c137e,ae07299e59b183700b6bbee561951999
ae07299e59b183700b6bbee561951999,a74d011372f1b78b951c4e63cec94194
a74d011372f1b78b951c4e63cec94194,9160ea5243cfd542dc5045346109fb1a
9160ea5243cfd542dc5045346109fb1a,b5089d545005e39b0879408d70a0f744
b5089d545005e39b0879408d70a0f744,5df6c105e3d538e2b7cf5e1a7df8757b
5df6c105e3d538e2b7cf5e1a7df8757b,17c694b108f0c809a2a722454673ab51
17c694b108f0c809a2a722454673ab51,34aa530196f4963584dc35a17569ebee
34aa530196f4963584dc35a17569ebee,3bc7ba0beadb90a6c841a0dff9de4ec0
3bc7ba0beadb90a6c841a0dff9de4ec0,86e8105c41b9468e0fcf83fed4dd1b25
86e8105c41b9468e0fcf83fed4dd1b25,2d04cfe4c7fd630cf77f823e5287d667
2d04cfe4c7fd630cf77f823e5287d667,77160a424b841c8d1f580e3452417d11
77160a424b841c8d1f580e3452417d11,fe97a66820f5f1cc6a2fc5006752408d
fe97a66820f5f1cc6a2fc5006752408d,5a6995c728dc24eddac2821d39307d19
5a6995c728dc24eddac2821d39307d19,71e2c4e535d284faef5db250a33af000
71e2c4e535d284faef5db250a33af000,f60309a7be186b1ed2cafc454744f1e1
f60309a7be186b1ed2cafc454744f1e1,769c6a82226dd445a7b4b84a933b18a6
769c6a82226dd445a7b4b84a933b18a6,4c09015aa8c42383fe0b05a5cdd4fd05
4c09015aa8c42383fe0b05a5cdd4fd05,08e9f9be76a6f2d3ce3c14b257cc311d
08e9f9be76a6f2d3ce3c14b257cc311d,ce213447de1242b91e681c00ef067ff9
ce213447de1242b91e681c00ef067ff9,a737122be847264e804f4554583eba90
a737122be847264e804f4554583eba90,61302385ae09434cb957b0ea203fb533
61302385ae09434cb957b0ea203fb533,9fabc6ef5c7872feaea13b22ecaf7eb3
9fabc6ef5c7872feaea13b22ecaf7eb3,95c707c22171a27d633b4468c8c23444
95c707c22171a27d633b4468c8c23444,bd6e47c9b71669acd195add270f843dd
bd6e47c9b71669acd195add270f843dd,8425323c429395cca532d409b5aa3b54
0a0f2151ac4f7a814d1bc62987eea562,e52e9d95e75e6564ec0ed0ff2496ba0c
e52e9d95e75e6564ec0ed0ff2496ba0c,6b1b7a3f01b0f4f6a524aea2141c3d4c
6b1b7a3f01b0f4f6a524aea2141c3d4c,1b82898921a1b6908b5ac89674e4c5d7
1b82898921a1b6908b5ac89674e4c5d7,6dcc8603b4903fcffa4fd66ee3b1ff8a
6dcc8603b4903fcffa4fd66ee3b1ff8a,c2ee71d3bafeb68e23a86586dfc6a74c
c2ee71d3bafeb68e23a86586dfc6a74c,ee9b7eaea7eff3648aec7199b7a548b4
ee9b7eaea7eff3648aec7199b7a548b4,91970e4aa9dce76630332f0f5d8714d0
91970e4aa9dce76630332f0f5d8714d0,611ea948278c7f3f4990410e44e1785e
611ea948278c7f3f4990410e44e1785e,80151fdba0922b077cc0e50c25fc4b05
80151fdba0922b077cc0e50c25fc4b05,df86803467b316423251e78602010af1
df86803467b316423251e78602010af1,4bd891bce8c047fe0960193c188c2b31
4bd891bce8c047fe0960193c188c2b31,5b3473295e8d7d94ac84d9f4f078ab26
5b3473295e8d7d94ac84d9f4f078ab26,5cc95f2949744cdfbfce2feda027cdb8
5cc95f2949744cdfbfce2feda027cdb8,d91ada824e3441cc6f5ca6fcce67906e
d91ada824e3441cc6f5ca6fcce67906e,1900cc433f901a32cd4e41d1a6009b54
1900cc433f901a32cd4e41d1a6009b54,73553879d6a219233692d7abc1af5746
73553879d6a219233692d7abc1af5746,2e330f043fe3f1a63e3e76574383e0d4
2e330f043fe3f1a63e3e76574383e0d4,e8485299adc911fafcb653b096c8b94d
e8485299adc911fafcb653b096c8b94d,48390ee2cc54b0fe87cc8ccf403ee68b
48390ee2cc54b0fe87cc8ccf403ee68b,439e7cf66f2b66ad3a99c114eb54ba53
439e7cf66f2b66ad3a99c114eb54ba53,25a61c727c257f841da438dd5bd12924
25a61c727c257f841da438dd5bd12924,47936211301f0ffb68c4037d24c3ec60
47936211301f0ffb68c4037d24c3ec60,a7e3796ec0b3c5c94f6a5715d2809646
a7e3796ec0b3c5c94f6a5715d2809646,0b989b6be3b812a887b50c29592b9136
0b989b6be3b812a887b50c29592b9136,b542fbcb8e38c85aef8778753b8579b5
b542fbcb8e38c85aef8778753b8579b5,de309f2e19cae6477c4f507070a379e8
de309f2e19cae6477c4f507070a379e8,6e4b78ff826a2c8afba4526d87a04cb1
6e4b78ff826a2c8afba4526d87a04cb1,37c86695eb9f748a3df6747678a3d85e
37c86695eb9f748a3df6747678a3d85e,7176229b80cc855f0cae661d2c113559
7176229b80cc855f0cae661d2c113559,f122fc35e746478ab0ae05aac2cd7e1b
f122fc35e746478ab0ae05aac2cd7e1b,c783845b44c49ab4002740ebf750dad6
c783845b44c49ab4002740ebf750dad6,f4ef7542c46b24ab3ebf0b26a6ca351d
f4ef7542c46b24ab3ebf0b26a6ca351d,0373ff5c4287bd3cd650a19f76f37df3
0373ff5c4287bd3cd650a19f76f37df3,2fab65341765403b47241b483ebe282d
2fab65341765403b47241b483ebe282d,575611a3b29ec6236b5c37147817ceb1
575611a3b29ec6236b5c37147817ceb1,61b0f297784962bd3d29795433ecb4e8
61b0f297784962bd3d29795433ecb4e8,0de54536f29eb4ecaefab39448fdc218
0de54536f29eb4ecaefab39448fdc218,72d73b293e5b6d9abfb17b355660b222
72d73b293e5b6d9abfb17b355660b222,22be12510a45e749e290d32e2e1adaa9
22be12510a45e749e290d32e2e1adaa9,d9f1937f132df70d04787f88c9af2032
d9f1937f132df70d04787f88c9af2032,02d1113b8a81fa0cb9eb2dd4b428aacf
02d1113b8a81fa0cb9eb2dd4b428aacf,74b86f41130871fc7f967248790cea9b
74b86f41130871fc7f967248790cea9b,50d3b64e7c5b6193289dbeff5ebf7b3a
50d3b64e7c5b6193289dbeff5ebf7b3a,510cdb8f4535daff25f041981a323ef4
510cdb8f4535daff25f041981a323ef4,d0d3ff1be5e907725cafcb28ec11f5f5
d0d3ff1be5e907725cafcb28ec11f5f5,e5822e93060fe5de8a44c011eabfbf2e
e5822e93060fe5de8a44c011eabfbf2e,6d243642dd2cc278186884b6b5303e95
6d243642dd2cc278186884b6b5303e95,c876a67f9cd843ee101d51cc449970ea
c876a67f9cd843ee101d51cc449970ea,8b25b2945feceeb3d38934a9315e97c6
8b25b2945feceeb3d38934a9315e97c6,9365bdbc736cc64f6e6dd22fc59d7ea5
9365bdbc736cc64f6e6dd22fc59d7ea5,4a8333e38cce323a947399f9ddc8034b
4a8333e38cce323a947399f9ddc8034b,319c65990a431631bc1f26c826940579
319c65990a431631bc1f26c826940579,d5ecc48fb9fb25fa68d6ae7be055bc05
d5ecc48fb9fb25fa68d6ae7be055bc05,23e8404e16e07b80ef3329d9b818973e
23e8404e16e07b80ef3329d9b818973e,754a0bcac605b8c2d1bec7a7bc95ae46
754a0bcac605b8c2d1bec7a7bc95ae46,54406c12cc876ef48bcd96947c8060f7
54406c12cc876ef48bcd96947c8060f7,2cca51df4464d4f214f5cad07e1af012
2cca51df4464d4f214f5cad07e1af012,f9ef7da8d4e587d298ef44cb04750f6c
f9ef7da8d4e587d298ef44cb04750f6c,e1ef224ae5cdfdb141f1e8bb27648f9e
e1ef224ae5cdfdb141f1e8bb27648f9e,01e2083f35355d85cef0d6f2ff353318
01e2083f35355d85cef0d6f2ff353318,f60c06c4e4c6319bdc8baf5293d4e387
f60c06c4e4c6319bdc8baf5293d4e387,73ead00c9a20d37196dc5688bee4a3fb
73ead00c9a20d37196dc5688bee4a3fb,84321671039cf7129339496a455d98c6
84321671039cf7129339496a455d98c6,c4e8f5a118b745706f0b6185c86a50af
c4e8f5a118b745706f0b6185c86a50af,e3ee00ce750430c5bfdb07a36ddc0a9a
e3ee00ce750430c5bfdb07a36ddc0a9a,07e21e8dd3d551f3de33fff87e99b1e1
07e21e8dd3d551f3de33fff87e99b1e1,ab50156f1a687d4bb7de1d6fd48b7b8f
ab50156f1a687d4bb7de1d6fd48b7b8f,f432cb926209809ab12a600ca4a2fdf1
f432cb926209809ab12a600ca4a2fdf1,87a9c7dea95a1b003360fe4006d519e3
87a9c7dea95a1b003360fe4006d519e3,fd29c486a82cd3a012d6c1c59e528f25
fd29c486a82cd3a012d6c1c59e528f25,372a270774cd54a26dace83c76a3cc8f
372a270774cd54a26dace83c76a3cc8f,96db21147d6abc623f94e23743f99796
96db21147d6abc623f94e23743f99796,1843e0b925da66e3138cc8bcea5a4948
1843e0b925da66e3138cc8bcea5a4948,7adc007f79dd5c7778fd046157f155bd
7adc007f79dd5c7778fd046157f155bd,ca0dc26c2d2ee8435dc5632f600d111c
ca0dc26c2d2ee8435dc5632f600d111c,3c48a57808474e81a5f2d482f32cf538
3c48a57808474e81a5f2d482f32cf538,ef0bfff507b94d9fe5abb0cea83ec933
ef0bfff507b94d9fe5abb0cea83ec933,60187d4d5e13c649afd07c8f521e8167
60187d4d5e13c649afd07c8f521e8167,689326e201a0b0a52f0f69e2ddb606af
689326e201a0b0a52f0f69e2ddb606af,1618c569fb636ab39e7fa1c1551d9eb0
1618c569fb636ab39e7fa1c1551d9eb0,fe3d200931a5275f5811d6373886b445
fe3d200931a5275f5811d6373886b445,ab9734bcc8a16cb539617b6afe3f754a
ab9734bcc8a16cb539617b6afe3f754a,f829392171f13023f48409028e16418c
f829392171f13023f48409028e16418c,beacf3ab68393e5680142605bc5d66a2
beacf3ab68393e5680142605bc5d66a2,de4ef74e7cee4b17181d9110cab1e7c8
de4ef74e7cee4b17181d9110cab1e7c8,c5ff52c47a45d5abf57b5797b8c7c9ab
c5ff52c47a45d5abf57b5797b8c7c9ab,b6d72c6a1b652dcdcf82d7ef433e8a89
b6d72c6a1b652dcdcf82d7ef433e8a89,b87760ba76da145c6b44671469bfbf06
b87760ba76da145c6b44671469bfbf06,0cbd5842643081465a0001c132febc5a
0cbd5842643081465a0001c132febc5a,dca3f3a87c3808cdab846bc7f84b927d
dca3f3a87c3808cdab846bc7f84b927d,56ca832210abd81c29016f74c11a0738
56ca832210abd81c29016f74c11a0738,ba472032ce67c52108bb5de044b01022
ba472032ce67c52108bb5de044b01022,5848ceb404558dcdb04d62caad9931a7
5848ceb404558dcdb04d62caad9931a7,bc8c23e48dbf4910cc596fbeca76b381
bc8c23e48dbf4910cc596fbeca76b381,cd5366b09753ecacab8fd618bd7362ff
cd5366b09753ecacab8fd618bd7362ff,e9a641ec93a8a3ca07ac15c8b185d907
e9a641ec93a8a3ca07ac15c8b185d907,6e64c30b54fc2e790e532dbac57def5f
6e64c30b54fc2e790e532dbac57def5f,4507d3328be99c422ca03e3849375b8f
4507d3328be99c422ca03e3849375b8f,215aea70da90ff7b6703e5f459c409bd
215aea70da90ff7b6703e5f459c409bd,a9ceb6fe3169d04a574681a724317b8d
cf1ea9b270e1c3a0894ab38bae4206b4,a6fabc5fe2eed1f750ec52fb843423bc
a6fabc5fe2eed1f750ec52fb843423bc,618d279fbededff838cf6e1440e20c9a
618d279fbededff838cf6e1440e20c9a,b71e5c5bf44c21ddac76463f13666299
b71e5c5bf44c21ddac76463f13666299,4b873bdb53d61b16899370a3385ebafc
4b873bdb53d61b16899370a3385ebafc,de7d9d7460cc5a9de0b94195e93c3ab3
de7d9d7460cc5a9de0b94195e93c3ab3,f11a175326e6aab3e7da9a97ac780bca
f11a175326e6aab3e7da9a97ac780bca,e5b1560f9bb182608797498de292e3fa
e5b1560f9bb182608797498de292e3fa,54864a55cc7b988ff998158913e63fa1
54864a55cc7b988ff998158913e63fa1,7ff4f18367ebdf99ad2a29093f037793
7ff4f18367ebdf99ad2a29093f037793,71c764430cf0585ef70561ffcf27031b
71c764430cf0585ef70561ffcf27031b,d67a992fc72493a5804d422483f3b768
d67a992fc72493a5804d422483f3b768,558a05373244237df149d2c5175850ca
558a05373244237df149d2c5175850ca,ffd83235596161f95c401e5aaad73602
ffd83235596161f95c401e5aaad73602,2ea910d3228b1bc7752bddce85233e89
2ea910d3228b1bc7752bddce85233e89,19d673f36920f3f2e2de2b1019eadb3e
19d673f36920f3f2e2de2b1019eadb3e,fcbf8b2f3312ec43007782bb3766f99b
fcbf8b2f3312ec43007782bb3766f99b,5028ddaa95eeebee7b0de1d374f1b005
5028ddaa95eeebee7b0de1d374f1b005,3126955459fadc803d15d11335b75eeb
3126955459fadc803d15d11335b75eeb,7e39d983b26f589dc50f32ff4bb53edb
7e39d983b26f589dc50f32ff4bb53edb,0a166fcdd881434a13fe8b8d02937b8b
0a166fcdd881434a13fe8b8d02937b8b,e7524dc5fd6a798fcac328b436ba00f7
e7524dc5fd6a798fcac328b436ba00f7,d6c389a1ded15f6db84594c3939f5587
d6c389a1ded15f6db84594c3939f5587,d3aad10fef1163faa8fa85c4f06b0677
d3aad10fef1163faa8fa85c4f06b0677,fcbe34ab3b05c1fc87b2564ebdf33527
fcbe34ab3b05c1fc87b2564ebdf33527,91cebf1d5f9ca6fe53d8abf8e7955905
91cebf1d5f9ca6fe53d8abf8e7955905,3f82c9655fe2e3d96b024d02fe1e1156
3f82c9655fe2e3d96b024d02fe1e1156,06ee7b79821ae34f434bcc679e66fa5b
06ee7b79821ae34f434bcc679e66fa5b,5e58d8aea1a5825c4e1fa455be5d38d9
5e58d8aea1a5825c4e1fa455be5d38d9,e2bb82e0ae0533de1a84fcde753f2ab0
e2bb82e0ae0533de1a84fcde753f2ab0,9b67d9574a6cc218547cb88073cec60a
9b67d9574a6cc218547cb88073cec60a,a5dd20d8aeb96e4c6d59d04edec7ab42
a5dd20d8aeb96e4c6d59d04edec7ab42,40ae32d2e07e52ccc4a985d8ae2ddd9d
40ae32d2e07e52ccc4a985d8ae2ddd9d,256d9292727666695cdfb8dde6d4d691
256d9292727666695cdfb8dde6d4d691,5ac53d0ec530edb037a2870844ac3ab8
5ac53d0ec530edb037a2870844ac3ab8,6f864a24a6fc1f4d7a125897e87a0e6d
6f864a24a6fc1f4d7a125897e87a0e6d,f5e223f7126bc6ea5f78046c5cdfc1a6
f5e223f7126bc6ea5f78046c5cdfc1a6,5fd179311cc70b5184aae1d5cca4a9ca
5fd179311cc70b5184aae1d5cca4a9ca,647e09e81b7d8575bcd107de4bebb24e
647e09e81b7d8575bcd107de4bebb24e,4eb215bfd37caed081510c1d4199401b
4eb215bfd37caed081510c1d4199401b,f45bc58c69dabf59aeb4f850580c8c14
f45bc58c69dabf59aeb4f850580c8c14,74730ed7e077a4608ed32aed5cab3e69
74730ed7e077a4608ed32aed5cab3e69,9ad8b3cbc5173580cd66b4739c9c596a
9ad8b3cbc5173580cd66b4739c9c596a,166e0c2f17a72dcb7ab3ad077bb624de
166e0c2f17a72dcb7ab3ad077bb624de,8e804df3884b05d2568319883266042e
8e804df3884b05d2568319883266042e,1d6ef115892fe676c50c7ec2be0a4e0b
1d6ef115892fe676c50c7ec2be0a4e0b,e3553220cd7bb67df65f9d3811ffe45c
e3553220cd7bb67df65f9d3811ffe45c,1e32f3a0240256eaa6b61d27fb4b238f
1e32f3a0240256eaa6b61d27fb4b238f,63419481da5a0795da7c4a0b764f0afb
63419481da5a0795da7c4a0b764f0afb,3f5b89765099f4d8021498e2d8c890c7
3f5b89765099f4d8021498e2d8c890c7,33f982b3f834f4c3cea7c65a66bd8a2d
33f982b3f834f4c3cea7c65a66bd8a2d,40057a1747b23c8c292322e63a45f60c
40057a1747b23c8c292322e63a45f60c,7dc0a3df02bdbf0ea984c93a6a4a4e7b
7dc0a3df02bdbf0ea984c93a6a4a4e7b,e55cdb6ad1cbc9b85486a98a54e9a893
e55cdb6ad1cbc9b85486a98a54e9a893,1a722c3c79b91083de78f57311c9bb84
1a722c3c79b91083de78f57311c9bb84,91d2142a791a9be5af8b6926895a2bbf
91d2142a791a9be5af8b6926895a2bbf,96d513e68bb781ffca57b9a56cd6dc37
96d513e68bb781ffca57b9a56cd6dc37,b819027d5b48839f4f2da315298af014
b819027d5b48839f4f2da315298af014,bfd6279812e07991df9c345243357f37
bfd6279812e07991df9c345243357f37,b1e33d18eb53f4166d72430dc231619a
b1e33d18eb53f4166d72430dc231619a,79f940902cb06ecdcb2426a4d956860a
79f940902cb06ecdcb2426a4d956860a,308549ba1fcad6e90ea4a6d1175e4293
308549ba1fcad6e90ea4a6d1175e4293,1000e07e937e857f9119bd0af8153a3f
1000e07e937e857f9119bd0af8153a3f,25d2d08fd7d44c4ab6f7f6b71538d4ff
25d2d08fd7d44c4ab6f7f6b71538d4ff,4d08b675388dfa7585c86010c2246bb3
4d08b675388dfa7585c86010c2246bb3,2f11f4660d184d26c4c07a00a4d29b78
2f11f4660d184d26c4c07a00a4d29b78,f0af0e1f5930f8532518c896b7c53bb7
f0af0e1f5930f8532518c896b7c53bb7,62cdc2c67d6b5c1653352c102ea38dbc
62cdc2c67d6b5c1653352c102ea38dbc,e3b85df4441418e32c2d90882c52b124
e3b85df4441418e32c2d90882c52b124,be8e628c6bcacd732a22521b651067b5
be8e628c6bcacd732a22521b651067b5,978bc5073b9e7336dbe21d430ed3bb69
978bc5073b9e7336dbe21d430ed3bb69,d371337d254a873dcff7d239a3a1722d
d371337d254a873dcff7d239a3a1722d,986a187f685b90a21788d6de4e1a754e
986a187f685b90a21788d6de4e1a754e,d5bcc7963359c66fcf1601916639892f
d5bcc7963359c66fcf1601916639892f,6a7bcfa8a7aedce374378abd0cdb6421
6a7bcfa8a7aedce374378abd0cdb6421,7c985c048ae5dadfc62bd3e484102ff4
7c985c048ae5dadfc62bd3e484102ff4,19bd0ae7af269d2c0373f8d60faa2c92
19bd0ae7af269d2c0373f8d60faa2c92,9fea4fff8c2c4ec78047e84bdccdede7
9fea4fff8c2c4ec78047e84bdccdede7,c233215c76d3711084e866804b4b9397
c233215c76d3711084e866804b4b9397,00fcfe22349c9a992d4e12a30b565031
00fcfe22349c9a992d4e12a30b565031,2ef8833106b016b724f50bbf269b8cad
2ef8833106b016b724f50bbf269b8cad,37c3a5d4e07a53309636d840badd0465
37c3a5d4e07a53309636d840badd0465,24c77873929b0ab938cd8f935d56f606
24c77873929b0ab938cd8f935d56f606,64c33a45ae92d7d24ab2a4c4ac936e90
64c33a45ae92d7d24ab2a4c4ac936e90,af60725e53ee17672e40cd1772766712
af60725e53ee17672e40cd1772766712,787d9eed453ef8ec9c40877fc46dd037
787d9eed453ef8ec9c40877fc46dd037,98bbbe41e0ceac389a0d1880ffaac42f
98bbbe41e0ceac389a0d1880ffaac42f,8b9ff30e614357bff2cbd152061426ae
8b9ff30e614357bff2cbd152061426ae,241e6ec481dca90fc22e449d61d76519
241e6ec481dca90fc22e449d61d76519,391cd8d5b56f7090bf67a744c153be0a
391cd8d5b56f7090bf67a744c153be0a,0dd3673c93d1a7dc7c442a634d3801ca
0dd3673c93d1a7dc7c442a634d3801ca,db5423bdd7b7ecaa159dfc8fa057f58f
db5423bdd7b7ecaa159dfc8fa057f58f,feca11ed1b3e81b2823cdfe8435a029a
feca11ed1b3e81b2823cdfe8435a029a,20d2cda4cdbd092a6700c4aa4a203fbf
20d2cda4cdbd092a6700c4aa4a203fbf,e200079e00ed7d6373044549e707ebb3
e200079e00ed7d6373044549e707ebb3,7ae84c5c16b767b8f65ca559c373ed65
7ae84c5c16b767b8f65ca559c373ed65,6313f95dc12c1dba9c5fdf4ff2338193
6313f95dc12c1dba9c5fdf4ff2338193,95486b0e06655b35245d62e5241859b7
95486b0e06655b35245d62e5241859b7,d110412cbcbe415518dc324502d758e9
d110412cbcbe415518dc324502d758e9,66913809f7599623d11e2bbfd697c001
66913809f7599623d11e2bbfd697c001,0a0f2151ac4f7a814d1bc62987eea562
0ea63f5f073b0c6c4749c86ddd666925,f18aebcf2cfe3a390c3407d05085d0de
f18aebcf2cfe3a390c3407d05085d0de,cf1ea9b270e1c3a0894ab38bae4206b4
